{"0": [412194, -0.4287513494491577], "1": [575641, -0.43165820837020874], "2": [383250, -0.43335801362991333], "3": [114648, -0.4154733717441559], "4": [299920, -0.432211697101593], "5": [496646, -0.4292225241661072], "6": [227178, -0.4374265670776367], "7": [186784, -0.4342271685600281]}